b1,1CC rate,2CC rate,Game 1 rate,C rate,SPE rate,strat,strat_space,transition
1.0,0.015680693588475108,0.0,1.0,0.05446061531863263,0.0,S_04_NA,S_04,
1.14,0.027302062056934556,0.0,1.0,0.06712081595907105,0.0,S_04_NA,S_04,
1.2800000000000002,0.030124742287137338,0.0,1.0,0.06389028187933754,0.0,S_04_NA,S_04,
1.4200000000000004,0.03340815085802619,0.0,1.0,0.06601234978622758,0.0,S_04_NA,S_04,
1.5600000000000005,0.03969298762662463,0.0,1.0,0.07073644828684399,0.0,S_04_NA,S_04,
1.7000000000000006,0.048576771739912726,0.0,1.0,0.07893796966002707,0.0,S_04_NA,S_04,
1.8400000000000007,0.06389456056816233,0.0,1.0,0.09425775049609464,0.0,S_04_NA,S_04,
1.9800000000000009,0.0984537780996158,0.0,1.0,0.12781299599479531,0.0,S_04_NA,S_04,
2.120000000000001,0.19776988686866206,0.0,1.0,0.22275814121256185,0.170488,S_04_NA,S_04,
2.2600000000000007,0.488681875558826,0.0,1.0,0.5049371668312154,0.47019799999999995,S_04_NA,S_04,
2.400000000000001,0.8276167847114844,0.0,1.0,0.8339020759375748,0.823742,S_04_NA,S_04,
2.5400000000000014,0.9673631149000818,0.0,1.0,0.9694188751382598,0.96967,S_04_NA,S_04,
2.680000000000001,0.9849403686270006,0.0,1.0,0.9861564974929932,0.988506,S_04_NA,S_04,
2.8200000000000016,0.9952014695626032,0.0,1.0,0.9962149116145002,0.999138,S_04_NA,S_04,
2.9600000000000017,0.9958984702755972,0.0,1.0,0.9969089243154852,0.99989,S_04_NA,S_04,
3.100000000000002,0.9958626858638444,0.0,1.0,0.9968766259177332,0.999828,S_04_NA,S_04,
1.0,0.015680693588475108,0.0,1.0,0.05446061531863263,0.0,S_04_NA,S_04,
1.14,0.027302062056934556,0.0,1.0,0.06712081595907105,0.0,S_04_NA,S_04,
1.2800000000000002,0.030124742287137338,0.0,1.0,0.06389028187933754,0.0,S_04_NA,S_04,
1.4200000000000004,0.03340815085802619,0.0,1.0,0.06601234978622758,0.0,S_04_NA,S_04,
1.5600000000000005,0.03969298762662463,0.0,1.0,0.07073644828684399,0.0,S_04_NA,S_04,
1.7000000000000006,0.048576771739912726,0.0,1.0,0.07893796966002707,0.0,S_04_NA,S_04,
1.8400000000000007,0.06389456056816233,0.0,1.0,0.09425775049609464,0.0,S_04_NA,S_04,
1.9800000000000009,0.0984537780996158,0.0,1.0,0.12781299599479531,0.0,S_04_NA,S_04,
2.120000000000001,0.19776988686866206,0.0,1.0,0.22275814121256185,0.170488,S_04_NA,S_04,
2.2600000000000007,0.488681875558826,0.0,1.0,0.5049371668312154,0.47019799999999995,S_04_NA,S_04,
2.400000000000001,0.8276167847114844,0.0,1.0,0.8339020759375748,0.823742,S_04_NA,S_04,
2.5400000000000014,0.9673631149000818,0.0,1.0,0.9694188751382598,0.96967,S_04_NA,S_04,
2.680000000000001,0.9849403686270006,0.0,1.0,0.9861564974929932,0.988506,S_04_NA,S_04,
2.8200000000000016,0.9952014695626032,0.0,1.0,0.9962149116145002,0.999138,S_04_NA,S_04,
2.9600000000000017,0.9958984702755972,0.0,1.0,0.9969089243154852,0.99989,S_04_NA,S_04,
3.100000000000002,0.9958626858638444,0.0,1.0,0.9968766259177332,0.999828,S_04_NA,S_04,
1.0,0.015680693588475108,0.0,1.0,0.05446061531863263,0.0,S_04_NA,S_04,
1.14,0.027302062056934556,0.0,1.0,0.06712081595907105,0.0,S_04_NA,S_04,
1.2800000000000002,0.030124742287137338,0.0,1.0,0.06389028187933754,0.0,S_04_NA,S_04,
1.4200000000000004,0.03340815085802619,0.0,1.0,0.06601234978622758,0.0,S_04_NA,S_04,
1.5600000000000005,0.03969298762662463,0.0,1.0,0.07073644828684399,0.0,S_04_NA,S_04,
1.7000000000000006,0.048576771739912726,0.0,1.0,0.07893796966002707,0.0,S_04_NA,S_04,
1.8400000000000007,0.06389456056816233,0.0,1.0,0.09425775049609464,0.0,S_04_NA,S_04,
1.9800000000000009,0.0984537780996158,0.0,1.0,0.12781299599479531,0.0,S_04_NA,S_04,
2.120000000000001,0.19776988686866206,0.0,1.0,0.22275814121256185,0.170488,S_04_NA,S_04,
2.2600000000000007,0.488681875558826,0.0,1.0,0.5049371668312154,0.47019799999999995,S_04_NA,S_04,
2.400000000000001,0.8276167847114844,0.0,1.0,0.8339020759375748,0.823742,S_04_NA,S_04,
2.5400000000000014,0.9673631149000818,0.0,1.0,0.9694188751382598,0.96967,S_04_NA,S_04,
2.680000000000001,0.9849403686270006,0.0,1.0,0.9861564974929932,0.988506,S_04_NA,S_04,
2.8200000000000016,0.9952014695626032,0.0,1.0,0.9962149116145002,0.999138,S_04_NA,S_04,
2.9600000000000017,0.9958984702755972,0.0,1.0,0.9969089243154852,0.99989,S_04_NA,S_04,
3.100000000000002,0.9958626858638444,0.0,1.0,0.9968766259177332,0.999828,S_04_NA,S_04,
1.0,0.015680693588475108,0.0,1.0,0.05446061531863263,0.0,S_04_NA,S_04,
1.14,0.027302062056934556,0.0,1.0,0.06712081595907105,0.0,S_04_NA,S_04,
1.2800000000000002,0.030124742287137338,0.0,1.0,0.06389028187933754,0.0,S_04_NA,S_04,
1.4200000000000004,0.03340815085802619,0.0,1.0,0.06601234978622758,0.0,S_04_NA,S_04,
1.5600000000000005,0.03969298762662463,0.0,1.0,0.07073644828684399,0.0,S_04_NA,S_04,
1.7000000000000006,0.048576771739912726,0.0,1.0,0.07893796966002707,0.0,S_04_NA,S_04,
1.8400000000000007,0.06389456056816233,0.0,1.0,0.09425775049609464,0.0,S_04_NA,S_04,
1.9800000000000009,0.0984537780996158,0.0,1.0,0.12781299599479531,0.0,S_04_NA,S_04,
2.120000000000001,0.19776988686866206,0.0,1.0,0.22275814121256185,0.170488,S_04_NA,S_04,
2.2600000000000007,0.488681875558826,0.0,1.0,0.5049371668312154,0.47019799999999995,S_04_NA,S_04,
2.400000000000001,0.8276167847114844,0.0,1.0,0.8339020759375748,0.823742,S_04_NA,S_04,
2.5400000000000014,0.9673631149000818,0.0,1.0,0.9694188751382598,0.96967,S_04_NA,S_04,
2.680000000000001,0.9849403686270006,0.0,1.0,0.9861564974929932,0.988506,S_04_NA,S_04,
2.8200000000000016,0.9952014695626032,0.0,1.0,0.9962149116145002,0.999138,S_04_NA,S_04,
2.9600000000000017,0.9958984702755972,0.0,1.0,0.9969089243154852,0.99989,S_04_NA,S_04,
3.100000000000002,0.9958626858638444,0.0,1.0,0.9968766259177332,0.999828,S_04_NA,S_04,
1.0,0.015680693588475108,0.0,1.0,0.05446061531863263,0.0,S_04_NA,S_04,
1.14,0.027302062056934556,0.0,1.0,0.06712081595907105,0.0,S_04_NA,S_04,
1.2800000000000002,0.030124742287137338,0.0,1.0,0.06389028187933754,0.0,S_04_NA,S_04,
1.4200000000000004,0.03340815085802619,0.0,1.0,0.06601234978622758,0.0,S_04_NA,S_04,
1.5600000000000005,0.03969298762662463,0.0,1.0,0.07073644828684399,0.0,S_04_NA,S_04,
1.7000000000000006,0.048576771739912726,0.0,1.0,0.07893796966002707,0.0,S_04_NA,S_04,
1.8400000000000007,0.06389456056816233,0.0,1.0,0.09425775049609464,0.0,S_04_NA,S_04,
1.9800000000000009,0.0984537780996158,0.0,1.0,0.12781299599479531,0.0,S_04_NA,S_04,
2.120000000000001,0.19776988686866206,0.0,1.0,0.22275814121256185,0.170488,S_04_NA,S_04,
2.2600000000000007,0.488681875558826,0.0,1.0,0.5049371668312154,0.47019799999999995,S_04_NA,S_04,
2.400000000000001,0.8276167847114844,0.0,1.0,0.8339020759375748,0.823742,S_04_NA,S_04,
2.5400000000000014,0.9673631149000818,0.0,1.0,0.9694188751382598,0.96967,S_04_NA,S_04,
2.680000000000001,0.9849403686270006,0.0,1.0,0.9861564974929932,0.988506,S_04_NA,S_04,
2.8200000000000016,0.9952014695626032,0.0,1.0,0.9962149116145002,0.999138,S_04_NA,S_04,
2.9600000000000017,0.9958984702755972,0.0,1.0,0.9969089243154852,0.99989,S_04_NA,S_04,
3.100000000000002,0.9958626858638444,0.0,1.0,0.9968766259177332,0.999828,S_04_NA,S_04,
1.0,0.012587341552510869,0.0286400669897729,0.5439163821197459,0.0794137397928069,0.0,S_12_EqualSay_G1_Default,S_12,EqualSay_G1_Default
1.14,0.025037782722925304,0.035625817722600865,0.5730176863136032,0.10714940185939904,0.0,S_12_EqualSay_G1_Default,S_12,EqualSay_G1_Default
1.2800000000000002,0.0378171814415354,0.040175465598897515,0.5894962901326873,0.12573817788043373,0.0,S_12_EqualSay_G1_Default,S_12,EqualSay_G1_Default
1.4200000000000004,0.055802610676697,0.03788186595509542,0.6015931086067562,0.14231928897763932,0.0,S_12_EqualSay_G1_Default,S_12,EqualSay_G1_Default
1.5600000000000005,0.09577703266598912,0.03885308405102375,0.6163897498339893,0.1821938166653565,0.0,S_12_EqualSay_G1_Default,S_12,EqualSay_G1_Default
1.7000000000000006,0.29281881688912,0.029894558287590627,0.7042098471283057,0.3609570909305682,0.204318,S_12_EqualSay_G1_Default,S_12,EqualSay_G1_Default
1.8400000000000007,0.8326733458198476,0.009020860939224756,0.9303937500463912,0.8524104133856416,0.687962,S_12_EqualSay_G1_Default,S_12,EqualSay_G1_Default
1.9800000000000009,0.8879297698550036,0.006422020131839457,0.9584317236162618,0.9015804318544106,0.8115720000000001,S_12_EqualSay_G1_Default,S_12,EqualSay_G1_Default
2.120000000000001,0.8581222886503393,0.00685083316031913,0.940749207126796,0.8736504355557168,0.710812,S_12_EqualSay_G1_Default,S_12,EqualSay_G1_Default
2.2600000000000007,0.9278105491781944,0.005388036734706243,0.969381468516738,0.9381098978550368,0.735004,S_12_EqualSay_G1_Default,S_12,EqualSay_G1_Default
2.400000000000001,0.9637073371434433,0.002835130635944951,0.9877508785435128,0.9695659730293948,0.798388,S_12_EqualSay_G1_Default,S_12,EqualSay_G1_Default
2.5400000000000014,0.9661536136475826,0.002842463758467783,0.9861367753655308,0.9720251260666056,0.5995699999999999,S_12_EqualSay_G1_Default,S_12,EqualSay_G1_Default
2.680000000000001,0.9843990914995452,0.0014717646553481095,0.9951964703620092,0.9875531906302832,0.602962,S_12_EqualSay_G1_Default,S_12,EqualSay_G1_Default
2.8200000000000016,0.9786458077320797,0.001919947554117612,0.9916915042212986,0.9826026500204762,0.5489,S_12_EqualSay_G1_Default,S_12,EqualSay_G1_Default
2.9600000000000017,0.9798527603169334,0.001993497153978793,0.992205124673142,0.9840244796287769,0.573916,S_12_EqualSay_G1_Default,S_12,EqualSay_G1_Default
3.100000000000002,0.985115531653208,0.0016027137717940876,0.995084330341461,0.9885177328774596,0.537986,S_12_EqualSay_G1_Default,S_12,EqualSay_G1_Default
1.0,0.012587341552510869,0.0286400669897729,0.5439163821197459,0.0794137397928069,0.0,S_12_EqualSay_G1_Default,S_12,EqualSay_G1_Default
1.14,0.025037782722925304,0.035625817722600865,0.5730176863136032,0.10714940185939904,0.0,S_12_EqualSay_G1_Default,S_12,EqualSay_G1_Default
1.2800000000000002,0.0378171814415354,0.040175465598897515,0.5894962901326873,0.12573817788043373,0.0,S_12_EqualSay_G1_Default,S_12,EqualSay_G1_Default
1.4200000000000004,0.055802610676697,0.03788186595509542,0.6015931086067562,0.14231928897763932,0.0,S_12_EqualSay_G1_Default,S_12,EqualSay_G1_Default
1.5600000000000005,0.09577703266598912,0.03885308405102375,0.6163897498339893,0.1821938166653565,0.0,S_12_EqualSay_G1_Default,S_12,EqualSay_G1_Default
1.7000000000000006,0.29281881688912,0.029894558287590627,0.7042098471283057,0.3609570909305682,0.204318,S_12_EqualSay_G1_Default,S_12,EqualSay_G1_Default
1.8400000000000007,0.8326733458198476,0.009020860939224756,0.9303937500463912,0.8524104133856416,0.687962,S_12_EqualSay_G1_Default,S_12,EqualSay_G1_Default
1.9800000000000009,0.8879297698550036,0.006422020131839457,0.9584317236162618,0.9015804318544106,0.8115720000000001,S_12_EqualSay_G1_Default,S_12,EqualSay_G1_Default
2.120000000000001,0.8581222886503393,0.00685083316031913,0.940749207126796,0.8736504355557168,0.710812,S_12_EqualSay_G1_Default,S_12,EqualSay_G1_Default
2.2600000000000007,0.9278105491781944,0.005388036734706243,0.969381468516738,0.9381098978550368,0.735004,S_12_EqualSay_G1_Default,S_12,EqualSay_G1_Default
2.400000000000001,0.9637073371434433,0.002835130635944951,0.9877508785435128,0.9695659730293948,0.798388,S_12_EqualSay_G1_Default,S_12,EqualSay_G1_Default
2.5400000000000014,0.9661536136475826,0.002842463758467783,0.9861367753655308,0.9720251260666056,0.5995699999999999,S_12_EqualSay_G1_Default,S_12,EqualSay_G1_Default
2.680000000000001,0.9843990914995452,0.0014717646553481095,0.9951964703620092,0.9875531906302832,0.602962,S_12_EqualSay_G1_Default,S_12,EqualSay_G1_Default
2.8200000000000016,0.9786458077320797,0.001919947554117612,0.9916915042212986,0.9826026500204762,0.5489,S_12_EqualSay_G1_Default,S_12,EqualSay_G1_Default
2.9600000000000017,0.9798527603169334,0.001993497153978793,0.992205124673142,0.9840244796287769,0.573916,S_12_EqualSay_G1_Default,S_12,EqualSay_G1_Default
3.100000000000002,0.985115531653208,0.0016027137717940876,0.995084330341461,0.9885177328774596,0.537986,S_12_EqualSay_G1_Default,S_12,EqualSay_G1_Default
1.0,0.012587341552510869,0.0286400669897729,0.5439163821197459,0.0794137397928069,0.0,S_12_EqualSay_G1_Default,S_12,EqualSay_G1_Default
1.14,0.025037782722925304,0.035625817722600865,0.5730176863136032,0.10714940185939904,0.0,S_12_EqualSay_G1_Default,S_12,EqualSay_G1_Default
1.2800000000000002,0.0378171814415354,0.040175465598897515,0.5894962901326873,0.12573817788043373,0.0,S_12_EqualSay_G1_Default,S_12,EqualSay_G1_Default
1.4200000000000004,0.055802610676697,0.03788186595509542,0.6015931086067562,0.14231928897763932,0.0,S_12_EqualSay_G1_Default,S_12,EqualSay_G1_Default
1.5600000000000005,0.09577703266598912,0.03885308405102375,0.6163897498339893,0.1821938166653565,0.0,S_12_EqualSay_G1_Default,S_12,EqualSay_G1_Default
1.7000000000000006,0.29281881688912,0.029894558287590627,0.7042098471283057,0.3609570909305682,0.204318,S_12_EqualSay_G1_Default,S_12,EqualSay_G1_Default
1.8400000000000007,0.8326733458198476,0.009020860939224756,0.9303937500463912,0.8524104133856416,0.687962,S_12_EqualSay_G1_Default,S_12,EqualSay_G1_Default
1.9800000000000009,0.8879297698550036,0.006422020131839457,0.9584317236162618,0.9015804318544106,0.8115720000000001,S_12_EqualSay_G1_Default,S_12,EqualSay_G1_Default
2.120000000000001,0.8581222886503393,0.00685083316031913,0.940749207126796,0.8736504355557168,0.710812,S_12_EqualSay_G1_Default,S_12,EqualSay_G1_Default
2.2600000000000007,0.9278105491781944,0.005388036734706243,0.969381468516738,0.9381098978550368,0.735004,S_12_EqualSay_G1_Default,S_12,EqualSay_G1_Default
2.400000000000001,0.9637073371434433,0.002835130635944951,0.9877508785435128,0.9695659730293948,0.798388,S_12_EqualSay_G1_Default,S_12,EqualSay_G1_Default
2.5400000000000014,0.9661536136475826,0.002842463758467783,0.9861367753655308,0.9720251260666056,0.5995699999999999,S_12_EqualSay_G1_Default,S_12,EqualSay_G1_Default
2.680000000000001,0.9843990914995452,0.0014717646553481095,0.9951964703620092,0.9875531906302832,0.602962,S_12_EqualSay_G1_Default,S_12,EqualSay_G1_Default
2.8200000000000016,0.9786458077320797,0.001919947554117612,0.9916915042212986,0.9826026500204762,0.5489,S_12_EqualSay_G1_Default,S_12,EqualSay_G1_Default
2.9600000000000017,0.9798527603169334,0.001993497153978793,0.992205124673142,0.9840244796287769,0.573916,S_12_EqualSay_G1_Default,S_12,EqualSay_G1_Default
3.100000000000002,0.985115531653208,0.0016027137717940876,0.995084330341461,0.9885177328774596,0.537986,S_12_EqualSay_G1_Default,S_12,EqualSay_G1_Default
1.0,0.012587341552510869,0.0286400669897729,0.5439163821197459,0.0794137397928069,0.0,S_12_EqualSay_G1_Default,S_12,EqualSay_G1_Default
1.14,0.025037782722925304,0.035625817722600865,0.5730176863136032,0.10714940185939904,0.0,S_12_EqualSay_G1_Default,S_12,EqualSay_G1_Default
1.2800000000000002,0.0378171814415354,0.040175465598897515,0.5894962901326873,0.12573817788043373,0.0,S_12_EqualSay_G1_Default,S_12,EqualSay_G1_Default
1.4200000000000004,0.055802610676697,0.03788186595509542,0.6015931086067562,0.14231928897763932,0.0,S_12_EqualSay_G1_Default,S_12,EqualSay_G1_Default
1.5600000000000005,0.09577703266598912,0.03885308405102375,0.6163897498339893,0.1821938166653565,0.0,S_12_EqualSay_G1_Default,S_12,EqualSay_G1_Default
1.7000000000000006,0.29281881688912,0.029894558287590627,0.7042098471283057,0.3609570909305682,0.204318,S_12_EqualSay_G1_Default,S_12,EqualSay_G1_Default
1.8400000000000007,0.8326733458198476,0.009020860939224756,0.9303937500463912,0.8524104133856416,0.687962,S_12_EqualSay_G1_Default,S_12,EqualSay_G1_Default
1.9800000000000009,0.8879297698550036,0.006422020131839457,0.9584317236162618,0.9015804318544106,0.8115720000000001,S_12_EqualSay_G1_Default,S_12,EqualSay_G1_Default
2.120000000000001,0.8581222886503393,0.00685083316031913,0.940749207126796,0.8736504355557168,0.710812,S_12_EqualSay_G1_Default,S_12,EqualSay_G1_Default
2.2600000000000007,0.9278105491781944,0.005388036734706243,0.969381468516738,0.9381098978550368,0.735004,S_12_EqualSay_G1_Default,S_12,EqualSay_G1_Default
2.400000000000001,0.9637073371434433,0.002835130635944951,0.9877508785435128,0.9695659730293948,0.798388,S_12_EqualSay_G1_Default,S_12,EqualSay_G1_Default
2.5400000000000014,0.9661536136475826,0.002842463758467783,0.9861367753655308,0.9720251260666056,0.5995699999999999,S_12_EqualSay_G1_Default,S_12,EqualSay_G1_Default
2.680000000000001,0.9843990914995452,0.0014717646553481095,0.9951964703620092,0.9875531906302832,0.602962,S_12_EqualSay_G1_Default,S_12,EqualSay_G1_Default
2.8200000000000016,0.9786458077320797,0.001919947554117612,0.9916915042212986,0.9826026500204762,0.5489,S_12_EqualSay_G1_Default,S_12,EqualSay_G1_Default
2.9600000000000017,0.9798527603169334,0.001993497153978793,0.992205124673142,0.9840244796287769,0.573916,S_12_EqualSay_G1_Default,S_12,EqualSay_G1_Default
3.100000000000002,0.985115531653208,0.0016027137717940876,0.995084330341461,0.9885177328774596,0.537986,S_12_EqualSay_G1_Default,S_12,EqualSay_G1_Default
1.0,0.012587341552510869,0.0286400669897729,0.5439163821197459,0.0794137397928069,0.0,S_12_EqualSay_G1_Default,S_12,EqualSay_G1_Default
1.14,0.025037782722925304,0.035625817722600865,0.5730176863136032,0.10714940185939904,0.0,S_12_EqualSay_G1_Default,S_12,EqualSay_G1_Default
1.2800000000000002,0.0378171814415354,0.040175465598897515,0.5894962901326873,0.12573817788043373,0.0,S_12_EqualSay_G1_Default,S_12,EqualSay_G1_Default
1.4200000000000004,0.055802610676697,0.03788186595509542,0.6015931086067562,0.14231928897763932,0.0,S_12_EqualSay_G1_Default,S_12,EqualSay_G1_Default
1.5600000000000005,0.09577703266598912,0.03885308405102375,0.6163897498339893,0.1821938166653565,0.0,S_12_EqualSay_G1_Default,S_12,EqualSay_G1_Default
1.7000000000000006,0.29281881688912,0.029894558287590627,0.7042098471283057,0.3609570909305682,0.204318,S_12_EqualSay_G1_Default,S_12,EqualSay_G1_Default
1.8400000000000007,0.8326733458198476,0.009020860939224756,0.9303937500463912,0.8524104133856416,0.687962,S_12_EqualSay_G1_Default,S_12,EqualSay_G1_Default
1.9800000000000009,0.8879297698550036,0.006422020131839457,0.9584317236162618,0.9015804318544106,0.8115720000000001,S_12_EqualSay_G1_Default,S_12,EqualSay_G1_Default
2.120000000000001,0.8581222886503393,0.00685083316031913,0.940749207126796,0.8736504355557168,0.710812,S_12_EqualSay_G1_Default,S_12,EqualSay_G1_Default
2.2600000000000007,0.9278105491781944,0.005388036734706243,0.969381468516738,0.9381098978550368,0.735004,S_12_EqualSay_G1_Default,S_12,EqualSay_G1_Default
2.400000000000001,0.9637073371434433,0.002835130635944951,0.9877508785435128,0.9695659730293948,0.798388,S_12_EqualSay_G1_Default,S_12,EqualSay_G1_Default
2.5400000000000014,0.9661536136475826,0.002842463758467783,0.9861367753655308,0.9720251260666056,0.5995699999999999,S_12_EqualSay_G1_Default,S_12,EqualSay_G1_Default
2.680000000000001,0.9843990914995452,0.0014717646553481095,0.9951964703620092,0.9875531906302832,0.602962,S_12_EqualSay_G1_Default,S_12,EqualSay_G1_Default
2.8200000000000016,0.9786458077320797,0.001919947554117612,0.9916915042212986,0.9826026500204762,0.5489,S_12_EqualSay_G1_Default,S_12,EqualSay_G1_Default
2.9600000000000017,0.9798527603169334,0.001993497153978793,0.992205124673142,0.9840244796287769,0.573916,S_12_EqualSay_G1_Default,S_12,EqualSay_G1_Default
3.100000000000002,0.985115531653208,0.0016027137717940876,0.995084330341461,0.9885177328774596,0.537986,S_12_EqualSay_G1_Default,S_12,EqualSay_G1_Default
1.0,0.02012383841450301,0.033916892841807635,0.3585097802577825,0.1029347086137822,0.000442,S_12_EqualSay_G2_Default,S_12,EqualSay_G2_Default
1.14,0.03311693448409615,0.03241580379363883,0.39522824913805177,0.113776689304372,0.00182,S_12_EqualSay_G2_Default,S_12,EqualSay_G2_Default
1.2800000000000002,0.04268897289063465,0.0288288347632124,0.4153798769385088,0.1180395564683714,0.0023079999999999997,S_12_EqualSay_G2_Default,S_12,EqualSay_G2_Default
1.4200000000000004,0.054850951159248436,0.030593333681259174,0.4601003021074786,0.13372557660054935,0.005368,S_12_EqualSay_G2_Default,S_12,EqualSay_G2_Default
1.5600000000000005,0.07359194551721376,0.0275317989675161,0.4705184673996364,0.14741112718544,0.013378,S_12_EqualSay_G2_Default,S_12,EqualSay_G2_Default
1.7000000000000006,0.20243649307621764,0.02596204421119696,0.5546064864707225,0.26943429501397825,0.11697,S_12_EqualSay_G2_Default,S_12,EqualSay_G2_Default
1.8400000000000007,0.7166190755355899,0.011317034393639128,0.8377949616881883,0.7432465003626428,0.587102,S_12_EqualSay_G2_Default,S_12,EqualSay_G2_Default
1.9800000000000009,0.8207327471441579,0.008023645836301161,0.8986928699910459,0.8387659710136494,0.661998,S_12_EqualSay_G2_Default,S_12,EqualSay_G2_Default
2.120000000000001,0.8788915112153723,0.00707809391369914,0.9397746365407286,0.8929698005738536,0.757282,S_12_EqualSay_G2_Default,S_12,EqualSay_G2_Default
2.2600000000000007,0.8632313777224294,0.006499162168822162,0.9238259484968644,0.8778482865845866,0.54657,S_12_EqualSay_G2_Default,S_12,EqualSay_G2_Default
2.400000000000001,0.9274744179276864,0.004214684912857351,0.9600926759672936,0.936758823440035,0.42389799999999994,S_12_EqualSay_G2_Default,S_12,EqualSay_G2_Default
2.5400000000000014,0.9484426459203086,0.0036899754239273783,0.9728185208453864,0.9552679067463068,0.345792,S_12_EqualSay_G2_Default,S_12,EqualSay_G2_Default
2.680000000000001,0.9851832250803876,0.0026433986982521093,0.9916448901347421,0.9893510308486592,0.291672,S_12_EqualSay_G2_Default,S_12,EqualSay_G2_Default
2.8200000000000016,0.9765132429167892,0.0035755992943362477,0.9878573104382126,0.9824785436854956,0.296244,S_12_EqualSay_G2_Default,S_12,EqualSay_G2_Default
2.9600000000000017,0.9814645413380716,0.0027189675334673875,0.9899359407136958,0.9859395009776644,0.116504,S_12_EqualSay_G2_Default,S_12,EqualSay_G2_Default
3.100000000000002,0.9825448405936028,0.003126513900171865,0.9894061807086272,0.9876302702832446,0.21794000000000002,S_12_EqualSay_G2_Default,S_12,EqualSay_G2_Default
1.0,0.018114741488164804,0.03329015305223002,0.3650464775852338,0.09837103784491576,0.0005200000000000001,S_12_EqualSay_G2_Default,S_12,EqualSay_G2_Default
1.14,0.033089873593760366,0.030793702737386918,0.40107309135723895,0.11038226084779937,0.0013,S_12_EqualSay_G2_Default,S_12,EqualSay_G2_Default
1.2800000000000002,0.04219670821255399,0.028994762914379742,0.4281668976333778,0.11786298404353394,0.002356,S_12_EqualSay_G2_Default,S_12,EqualSay_G2_Default
1.4200000000000004,0.05763503817274289,0.02828949759314172,0.4553131114323958,0.13160019928336902,0.006168,S_12_EqualSay_G2_Default,S_12,EqualSay_G2_Default
1.5600000000000005,0.07362869178770295,0.028278279972795733,0.4758494511464582,0.14678588362439254,0.014056,S_12_EqualSay_G2_Default,S_12,EqualSay_G2_Default
1.7000000000000006,0.1946263502614369,0.0248633165685809,0.5573279030713268,0.26043521832128186,0.097538,S_12_EqualSay_G2_Default,S_12,EqualSay_G2_Default
1.8400000000000007,0.6587956928955371,0.012321261118785436,0.815275933479821,0.6887359694552178,0.553724,S_12_EqualSay_G2_Default,S_12,EqualSay_G2_Default
1.9800000000000009,0.8506557211107327,0.007716759124622927,0.9197871430289302,0.8666811205670586,0.707372,S_12_EqualSay_G2_Default,S_12,EqualSay_G2_Default
2.120000000000001,0.8263742162003797,0.008398860558090875,0.9054255795696156,0.8456633129426129,0.657274,S_12_EqualSay_G2_Default,S_12,EqualSay_G2_Default
2.2600000000000007,0.8859468449830925,0.005918212301473077,0.9435467636877852,0.8983019333497211,0.5641520000000001,S_12_EqualSay_G2_Default,S_12,EqualSay_G2_Default
2.400000000000001,0.942740485556418,0.004325114988277245,0.9665658310102154,0.9505943647995906,0.645606,S_12_EqualSay_G2_Default,S_12,EqualSay_G2_Default
2.5400000000000014,0.9702464313270032,0.0033374034932191995,0.9815561091999152,0.9763002339242408,0.349648,S_12_EqualSay_G2_Default,S_12,EqualSay_G2_Default
2.680000000000001,0.9783729810598908,0.002419803475439859,0.9873958240466658,0.9826115586085656,0.213446,S_12_EqualSay_G2_Default,S_12,EqualSay_G2_Default
2.8200000000000016,0.9843514005957472,0.002467243149472369,0.9910149256437868,0.9885298020578509,0.118226,S_12_EqualSay_G2_Default,S_12,EqualSay_G2_Default
2.9600000000000017,0.9860298514521356,0.002609951432791779,0.991135296943228,0.99016008569124,0.196296,S_12_EqualSay_G2_Default,S_12,EqualSay_G2_Default
3.100000000000002,0.9848242231514276,0.002712963061288566,0.9909761223462684,0.988965895198168,0.110426,S_12_EqualSay_G2_Default,S_12,EqualSay_G2_Default
1.0,0.018803362539556917,0.036648261712587185,0.3424674495254849,0.10464166922410473,0.000572,S_12_EqualSay_G2_Default,S_12,EqualSay_G2_Default
1.14,0.03611240592224053,0.033238494827067686,0.3880408255813792,0.11941055491177993,0.0017739999999999998,S_12_EqualSay_G2_Default,S_12,EqualSay_G2_Default
1.2800000000000002,0.04166545287781155,0.027841454288344968,0.424532439781734,0.11762557550975693,0.002,S_12_EqualSay_G2_Default,S_12,EqualSay_G2_Default
1.4200000000000004,0.057015939496813314,0.03030571209999288,0.4519953627978334,0.13372305775214882,0.006188,S_12_EqualSay_G2_Default,S_12,EqualSay_G2_Default
1.5600000000000005,0.07546131398982522,0.02683993706761912,0.4636353406758823,0.1478290326758883,0.014094,S_12_EqualSay_G2_Default,S_12,EqualSay_G2_Default
1.7000000000000006,0.2066492417494624,0.022539747077989208,0.5511342700583258,0.2698832859840431,0.124918,S_12_EqualSay_G2_Default,S_12,EqualSay_G2_Default
1.8400000000000007,0.7283529330619409,0.010699359966810922,0.8361071648629856,0.7540478769050977,0.6209399999999999,S_12_EqualSay_G2_Default,S_12,EqualSay_G2_Default
1.9800000000000009,0.8459500747165144,0.007294332871315288,0.9116085787427464,0.8618957376869478,0.7055140000000001,S_12_EqualSay_G2_Default,S_12,EqualSay_G2_Default
2.120000000000001,0.8086438960728738,0.008300352244098636,0.8935460813863233,0.8280024469394376,0.528288,S_12_EqualSay_G2_Default,S_12,EqualSay_G2_Default
2.2600000000000007,0.8869841981633253,0.0059324025013803815,0.93491338213163,0.8999832515330407,0.595482,S_12_EqualSay_G2_Default,S_12,EqualSay_G2_Default
2.400000000000001,0.9342668255154324,0.004517137865346073,0.9650786396415828,0.94304555559662,0.467066,S_12_EqualSay_G2_Default,S_12,EqualSay_G2_Default
2.5400000000000014,0.9681837816933851,0.0028471847695831264,0.9822612897385384,0.973715759961136,0.23351999999999998,S_12_EqualSay_G2_Default,S_12,EqualSay_G2_Default
2.680000000000001,0.9842373968447958,0.0020556130529658773,0.9898995541617818,0.9879131946353222,0.137202,S_12_EqualSay_G2_Default,S_12,EqualSay_G2_Default
2.8200000000000016,0.972495570800154,0.00307958339391368,0.9880685822019172,0.9775913798004242,0.11835799999999999,S_12_EqualSay_G2_Default,S_12,EqualSay_G2_Default
2.9600000000000017,0.9807128773626118,0.0025453086297377984,0.9890653644443608,0.9849798861905514,0.199942,S_12_EqualSay_G2_Default,S_12,EqualSay_G2_Default
3.100000000000002,0.9822773355123328,0.0028941538975345593,0.9895854539358332,0.9867726872295982,0.180018,S_12_EqualSay_G2_Default,S_12,EqualSay_G2_Default
1.0,0.018224983899793584,0.032522411707533026,0.350417487905652,0.10054555618378984,0.000332,S_12_EqualSay_G2_Default,S_12,EqualSay_G2_Default
1.14,0.032544333762245484,0.03323987498249518,0.4109553879900834,0.11499001257817032,0.001422,S_12_EqualSay_G2_Default,S_12,EqualSay_G2_Default
1.2800000000000002,0.044069120011262,0.029330667961023307,0.4173135014363232,0.11917776345981312,0.002918,S_12_EqualSay_G2_Default,S_12,EqualSay_G2_Default
1.4200000000000004,0.05492775611359739,0.028498863044452462,0.4562086776377718,0.12842108630807553,0.005732,S_12_EqualSay_G2_Default,S_12,EqualSay_G2_Default
1.5600000000000005,0.08063126997328111,0.027845146828433504,0.4536549184355246,0.15499400664032206,0.015778,S_12_EqualSay_G2_Default,S_12,EqualSay_G2_Default
1.7000000000000006,0.19143189640860306,0.02455041715789829,0.5464648764644059,0.25822062275738444,0.09667,S_12_EqualSay_G2_Default,S_12,EqualSay_G2_Default
1.8400000000000007,0.7045294303078238,0.01061154172441147,0.8363360299488013,0.7315255981640735,0.547652,S_12_EqualSay_G2_Default,S_12,EqualSay_G2_Default
1.9800000000000009,0.8429148598418885,0.007870661909554084,0.91398710534465,0.8600067450118349,0.752116,S_12_EqualSay_G2_Default,S_12,EqualSay_G2_Default
2.120000000000001,0.8657973175078639,0.00729498263317984,0.9291068700226668,0.8809545381025405,0.701104,S_12_EqualSay_G2_Default,S_12,EqualSay_G2_Default
2.2600000000000007,0.9099450035520356,0.005619156498265226,0.9504831804451322,0.921953635621692,0.617542,S_12_EqualSay_G2_Default,S_12,EqualSay_G2_Default
2.400000000000001,0.9476013394475494,0.00400991265156181,0.9704827399943798,0.9556144268591098,0.376852,S_12_EqualSay_G2_Default,S_12,EqualSay_G2_Default
2.5400000000000014,0.95307614953746,0.0034321661894270014,0.9785425011514708,0.959840481351432,0.266472,S_12_EqualSay_G2_Default,S_12,EqualSay_G2_Default
2.680000000000001,0.9665305322644824,0.0033447951643270518,0.9811263250374652,0.972693466971302,0.218644,S_12_EqualSay_G2_Default,S_12,EqualSay_G2_Default
2.8200000000000016,0.9802682138639369,0.0025920375012295307,0.9885315844620294,0.9846158735831444,0.246048,S_12_EqualSay_G2_Default,S_12,EqualSay_G2_Default
2.9600000000000017,0.9766553027175668,0.0036388288438984366,0.9867917767572147,0.9824954380534044,0.23216199999999998,S_12_EqualSay_G2_Default,S_12,EqualSay_G2_Default
3.100000000000002,0.9836165793499484,0.002553751647347199,0.9902690070823168,0.9877844882343978,0.209846,S_12_EqualSay_G2_Default,S_12,EqualSay_G2_Default
1.0,0.020488720263266858,0.034675409134858816,0.37345226150547056,0.10494082500348023,0.00054,S_12_EqualSay_G2_Default,S_12,EqualSay_G2_Default
1.14,0.032769706266982335,0.032146492685469666,0.40896498011299415,0.11412298084100278,0.001644,S_12_EqualSay_G2_Default,S_12,EqualSay_G2_Default
1.2800000000000002,0.04393584915117872,0.028352239419531664,0.4353912342709716,0.11752383666205513,0.0030559999999999997,S_12_EqualSay_G2_Default,S_12,EqualSay_G2_Default
1.4200000000000004,0.05232079407711266,0.026916809068143827,0.4559885111423671,0.12583581130083246,0.0053219999999999995,S_12_EqualSay_G2_Default,S_12,EqualSay_G2_Default
1.5600000000000005,0.07260763406552895,0.02875324064245295,0.4621564487020665,0.1471414017129989,0.013556,S_12_EqualSay_G2_Default,S_12,EqualSay_G2_Default
1.7000000000000006,0.1921339930551132,0.023391450849289758,0.5499846862790839,0.2552919112542131,0.109054,S_12_EqualSay_G2_Default,S_12,EqualSay_G2_Default
1.8400000000000007,0.6877507370551268,0.01030455599642082,0.8293473930531541,0.7146046576853159,0.5286,S_12_EqualSay_G2_Default,S_12,EqualSay_G2_Default
1.9800000000000009,0.7920679081469216,0.009162513059793828,0.8840732270743253,0.8128436214337713,0.646954,S_12_EqualSay_G2_Default,S_12,EqualSay_G2_Default
2.120000000000001,0.867564423493928,0.007482515989989649,0.9250778923686156,0.8832719606516307,0.69389,S_12_EqualSay_G2_Default,S_12,EqualSay_G2_Default
2.2600000000000007,0.8665883022362398,0.006278411000668018,0.9254966823054634,0.8805729555167683,0.50813,S_12_EqualSay_G2_Default,S_12,EqualSay_G2_Default
2.400000000000001,0.9382147265571056,0.003455481483985154,0.9695618069768436,0.9458605953518922,0.40334200000000003,S_12_EqualSay_G2_Default,S_12,EqualSay_G2_Default
2.5400000000000014,0.9699388460614846,0.002747956412446139,0.9824651314355978,0.9751767254518434,0.20258800000000002,S_12_EqualSay_G2_Default,S_12,EqualSay_G2_Default
2.680000000000001,0.9722044930677728,0.002924359019133473,0.984785080124746,0.9775939049887008,0.162374,S_12_EqualSay_G2_Default,S_12,EqualSay_G2_Default
2.8200000000000016,0.9838909008038856,0.0026661818950687905,0.9901639282820394,0.988308125945912,0.27116999999999997,S_12_EqualSay_G2_Default,S_12,EqualSay_G2_Default
2.9600000000000017,0.9779009830113092,0.003148249653660437,0.9860569776334114,0.983118176755312,0.19749,S_12_EqualSay_G2_Default,S_12,EqualSay_G2_Default
3.100000000000002,0.9826370901051852,0.003083702679662725,0.9906923852434923,0.987511483815828,0.11220999999999999,S_12_EqualSay_G2_Default,S_12,EqualSay_G2_Default
1.0,0.017525877631489318,0.0232058896122666,0.4854950767158198,0.10011479385098562,0.0,S_12_Random_Dictator,S_12,Random_Dictator
1.14,0.023053819667060684,0.028570933588400644,0.4886805333682132,0.10756315779963052,0.0,S_12_Random_Dictator,S_12,Random_Dictator
1.2800000000000002,0.03139363775459077,0.02681431511828162,0.5068892734166173,0.11251109958039844,0.0,S_12_Random_Dictator,S_12,Random_Dictator
1.4200000000000004,0.0512213590773428,0.027029727613516304,0.5186011930373388,0.13962933207079892,0.0,S_12_Random_Dictator,S_12,Random_Dictator
1.5600000000000005,0.09316009045059688,0.026370145580912496,0.5368111977201179,0.17311055628280114,0.0,S_12_Random_Dictator,S_12,Random_Dictator
1.7000000000000006,0.2731114875028621,0.02163391476833812,0.6370997364896098,0.3387272139985135,0.0,S_12_Random_Dictator,S_12,Random_Dictator
1.8400000000000007,0.5151186461873377,0.014979905797143294,0.7653715100334395,0.5579050378895679,0.0,S_12_Random_Dictator,S_12,Random_Dictator
1.9800000000000009,0.6662207958919061,0.010902066729897469,0.8385570613279267,0.6965832553224558,0.0,S_12_Random_Dictator,S_12,Random_Dictator
2.120000000000001,0.8262445969891705,0.007496479254909627,0.9140086382747414,0.8451215217632705,0.0,S_12_Random_Dictator,S_12,Random_Dictator
2.2600000000000007,0.8365065045987778,0.006917265829106014,0.9209817633095521,0.8547608681186986,0.0,S_12_Random_Dictator,S_12,Random_Dictator
2.400000000000001,0.907791254337294,0.005215057329080065,0.9540956345645552,0.9202248106920038,0.0,S_12_Random_Dictator,S_12,Random_Dictator
2.5400000000000014,0.9523418888601696,0.0030819883089285697,0.9789378734450164,0.9596684547337768,0.0,S_12_Random_Dictator,S_12,Random_Dictator
2.680000000000001,0.9600468067733128,0.0029922976388255308,0.9835157580578768,0.9662331401550968,0.0,S_12_Random_Dictator,S_12,Random_Dictator
2.8200000000000016,0.964084880376144,0.0030183669929168297,0.982428649182377,0.9704750803981472,0.0,S_12_Random_Dictator,S_12,Random_Dictator
2.9600000000000017,0.9672544998172316,0.0030200149549717173,0.9839494448753116,0.9734804719723674,0.0,S_12_Random_Dictator,S_12,Random_Dictator
3.100000000000002,0.9776869712476084,0.002463382397850796,0.9910332731081828,0.9826111583766636,0.0,S_12_Random_Dictator,S_12,Random_Dictator
1.0,0.017525877631489318,0.0232058896122666,0.4854950767158198,0.10011479385098562,0.0,S_12_Random_Dictator,S_12,Random_Dictator
1.14,0.023053819667060684,0.028570933588400644,0.4886805333682132,0.10756315779963052,0.0,S_12_Random_Dictator,S_12,Random_Dictator
1.2800000000000002,0.03139363775459077,0.02681431511828162,0.5068892734166173,0.11251109958039844,0.0,S_12_Random_Dictator,S_12,Random_Dictator
1.4200000000000004,0.0512213590773428,0.027029727613516304,0.5186011930373388,0.13962933207079892,0.0,S_12_Random_Dictator,S_12,Random_Dictator
1.5600000000000005,0.09316009045059688,0.026370145580912496,0.5368111977201179,0.17311055628280114,0.0,S_12_Random_Dictator,S_12,Random_Dictator
1.7000000000000006,0.2731114875028621,0.02163391476833812,0.6370997364896098,0.3387272139985135,0.0,S_12_Random_Dictator,S_12,Random_Dictator
1.8400000000000007,0.5151186461873377,0.014979905797143294,0.7653715100334395,0.5579050378895679,0.0,S_12_Random_Dictator,S_12,Random_Dictator
1.9800000000000009,0.6662207958919061,0.010902066729897469,0.8385570613279267,0.6965832553224558,0.0,S_12_Random_Dictator,S_12,Random_Dictator
2.120000000000001,0.8262445969891705,0.007496479254909627,0.9140086382747414,0.8451215217632705,0.0,S_12_Random_Dictator,S_12,Random_Dictator
2.2600000000000007,0.8365065045987778,0.006917265829106014,0.9209817633095521,0.8547608681186986,0.0,S_12_Random_Dictator,S_12,Random_Dictator
2.400000000000001,0.907791254337294,0.005215057329080065,0.9540956345645552,0.9202248106920038,0.0,S_12_Random_Dictator,S_12,Random_Dictator
2.5400000000000014,0.9523418888601696,0.0030819883089285697,0.9789378734450164,0.9596684547337768,0.0,S_12_Random_Dictator,S_12,Random_Dictator
2.680000000000001,0.9600468067733128,0.0029922976388255308,0.9835157580578768,0.9662331401550968,0.0,S_12_Random_Dictator,S_12,Random_Dictator
2.8200000000000016,0.964084880376144,0.0030183669929168297,0.982428649182377,0.9704750803981472,0.0,S_12_Random_Dictator,S_12,Random_Dictator
2.9600000000000017,0.9672544998172316,0.0030200149549717173,0.9839494448753116,0.9734804719723674,0.0,S_12_Random_Dictator,S_12,Random_Dictator
3.100000000000002,0.9776869712476084,0.002463382397850796,0.9910332731081828,0.9826111583766636,0.0,S_12_Random_Dictator,S_12,Random_Dictator
1.0,0.017525877631489318,0.0232058896122666,0.4854950767158198,0.10011479385098562,0.0,S_12_Random_Dictator,S_12,Random_Dictator
1.14,0.023053819667060684,0.028570933588400644,0.4886805333682132,0.10756315779963052,0.0,S_12_Random_Dictator,S_12,Random_Dictator
1.2800000000000002,0.03139363775459077,0.02681431511828162,0.5068892734166173,0.11251109958039844,0.0,S_12_Random_Dictator,S_12,Random_Dictator
1.4200000000000004,0.0512213590773428,0.027029727613516304,0.5186011930373388,0.13962933207079892,0.0,S_12_Random_Dictator,S_12,Random_Dictator
1.5600000000000005,0.09316009045059688,0.026370145580912496,0.5368111977201179,0.17311055628280114,0.0,S_12_Random_Dictator,S_12,Random_Dictator
1.7000000000000006,0.2731114875028621,0.02163391476833812,0.6370997364896098,0.3387272139985135,0.0,S_12_Random_Dictator,S_12,Random_Dictator
1.8400000000000007,0.5151186461873377,0.014979905797143294,0.7653715100334395,0.5579050378895679,0.0,S_12_Random_Dictator,S_12,Random_Dictator
1.9800000000000009,0.6662207958919061,0.010902066729897469,0.8385570613279267,0.6965832553224558,0.0,S_12_Random_Dictator,S_12,Random_Dictator
2.120000000000001,0.8262445969891705,0.007496479254909627,0.9140086382747414,0.8451215217632705,0.0,S_12_Random_Dictator,S_12,Random_Dictator
2.2600000000000007,0.8365065045987778,0.006917265829106014,0.9209817633095521,0.8547608681186986,0.0,S_12_Random_Dictator,S_12,Random_Dictator
2.400000000000001,0.907791254337294,0.005215057329080065,0.9540956345645552,0.9202248106920038,0.0,S_12_Random_Dictator,S_12,Random_Dictator
2.5400000000000014,0.9523418888601696,0.0030819883089285697,0.9789378734450164,0.9596684547337768,0.0,S_12_Random_Dictator,S_12,Random_Dictator
2.680000000000001,0.9600468067733128,0.0029922976388255308,0.9835157580578768,0.9662331401550968,0.0,S_12_Random_Dictator,S_12,Random_Dictator
2.8200000000000016,0.964084880376144,0.0030183669929168297,0.982428649182377,0.9704750803981472,0.0,S_12_Random_Dictator,S_12,Random_Dictator
2.9600000000000017,0.9672544998172316,0.0030200149549717173,0.9839494448753116,0.9734804719723674,0.0,S_12_Random_Dictator,S_12,Random_Dictator
3.100000000000002,0.9776869712476084,0.002463382397850796,0.9910332731081828,0.9826111583766636,0.0,S_12_Random_Dictator,S_12,Random_Dictator
1.0,0.017525877631489318,0.0232058896122666,0.4854950767158198,0.10011479385098562,0.0,S_12_Random_Dictator,S_12,Random_Dictator
1.14,0.023053819667060684,0.028570933588400644,0.4886805333682132,0.10756315779963052,0.0,S_12_Random_Dictator,S_12,Random_Dictator
1.2800000000000002,0.03139363775459077,0.02681431511828162,0.5068892734166173,0.11251109958039844,0.0,S_12_Random_Dictator,S_12,Random_Dictator
1.4200000000000004,0.0512213590773428,0.027029727613516304,0.5186011930373388,0.13962933207079892,0.0,S_12_Random_Dictator,S_12,Random_Dictator
1.5600000000000005,0.09316009045059688,0.026370145580912496,0.5368111977201179,0.17311055628280114,0.0,S_12_Random_Dictator,S_12,Random_Dictator
1.7000000000000006,0.2731114875028621,0.02163391476833812,0.6370997364896098,0.3387272139985135,0.0,S_12_Random_Dictator,S_12,Random_Dictator
1.8400000000000007,0.5151186461873377,0.014979905797143294,0.7653715100334395,0.5579050378895679,0.0,S_12_Random_Dictator,S_12,Random_Dictator
1.9800000000000009,0.6662207958919061,0.010902066729897469,0.8385570613279267,0.6965832553224558,0.0,S_12_Random_Dictator,S_12,Random_Dictator
2.120000000000001,0.8262445969891705,0.007496479254909627,0.9140086382747414,0.8451215217632705,0.0,S_12_Random_Dictator,S_12,Random_Dictator
2.2600000000000007,0.8365065045987778,0.006917265829106014,0.9209817633095521,0.8547608681186986,0.0,S_12_Random_Dictator,S_12,Random_Dictator
2.400000000000001,0.907791254337294,0.005215057329080065,0.9540956345645552,0.9202248106920038,0.0,S_12_Random_Dictator,S_12,Random_Dictator
2.5400000000000014,0.9523418888601696,0.0030819883089285697,0.9789378734450164,0.9596684547337768,0.0,S_12_Random_Dictator,S_12,Random_Dictator
2.680000000000001,0.9600468067733128,0.0029922976388255308,0.9835157580578768,0.9662331401550968,0.0,S_12_Random_Dictator,S_12,Random_Dictator
2.8200000000000016,0.964084880376144,0.0030183669929168297,0.982428649182377,0.9704750803981472,0.0,S_12_Random_Dictator,S_12,Random_Dictator
2.9600000000000017,0.9672544998172316,0.0030200149549717173,0.9839494448753116,0.9734804719723674,0.0,S_12_Random_Dictator,S_12,Random_Dictator
3.100000000000002,0.9776869712476084,0.002463382397850796,0.9910332731081828,0.9826111583766636,0.0,S_12_Random_Dictator,S_12,Random_Dictator
1.0,0.017525877631489318,0.0232058896122666,0.4854950767158198,0.10011479385098562,0.0,S_12_Random_Dictator,S_12,Random_Dictator
1.14,0.023053819667060684,0.028570933588400644,0.4886805333682132,0.10756315779963052,0.0,S_12_Random_Dictator,S_12,Random_Dictator
1.2800000000000002,0.03139363775459077,0.02681431511828162,0.5068892734166173,0.11251109958039844,0.0,S_12_Random_Dictator,S_12,Random_Dictator
1.4200000000000004,0.0512213590773428,0.027029727613516304,0.5186011930373388,0.13962933207079892,0.0,S_12_Random_Dictator,S_12,Random_Dictator
1.5600000000000005,0.09316009045059688,0.026370145580912496,0.5368111977201179,0.17311055628280114,0.0,S_12_Random_Dictator,S_12,Random_Dictator
1.7000000000000006,0.2731114875028621,0.02163391476833812,0.6370997364896098,0.3387272139985135,0.0,S_12_Random_Dictator,S_12,Random_Dictator
1.8400000000000007,0.5151186461873377,0.014979905797143294,0.7653715100334395,0.5579050378895679,0.0,S_12_Random_Dictator,S_12,Random_Dictator
1.9800000000000009,0.6662207958919061,0.010902066729897469,0.8385570613279267,0.6965832553224558,0.0,S_12_Random_Dictator,S_12,Random_Dictator
2.120000000000001,0.8262445969891705,0.007496479254909627,0.9140086382747414,0.8451215217632705,0.0,S_12_Random_Dictator,S_12,Random_Dictator
2.2600000000000007,0.8365065045987778,0.006917265829106014,0.9209817633095521,0.8547608681186986,0.0,S_12_Random_Dictator,S_12,Random_Dictator
2.400000000000001,0.907791254337294,0.005215057329080065,0.9540956345645552,0.9202248106920038,0.0,S_12_Random_Dictator,S_12,Random_Dictator
2.5400000000000014,0.9523418888601696,0.0030819883089285697,0.9789378734450164,0.9596684547337768,0.0,S_12_Random_Dictator,S_12,Random_Dictator
2.680000000000001,0.9600468067733128,0.0029922976388255308,0.9835157580578768,0.9662331401550968,0.0,S_12_Random_Dictator,S_12,Random_Dictator
2.8200000000000016,0.964084880376144,0.0030183669929168297,0.982428649182377,0.9704750803981472,0.0,S_12_Random_Dictator,S_12,Random_Dictator
2.9600000000000017,0.9672544998172316,0.0030200149549717173,0.9839494448753116,0.9734804719723674,0.0,S_12_Random_Dictator,S_12,Random_Dictator
3.100000000000002,0.9776869712476084,0.002463382397850796,0.9910332731081828,0.9826111583766636,0.0,S_12_Random_Dictator,S_12,Random_Dictator
1.0,0.012989923649852088,0.01478939917730475,0.5,0.0612409279768867,0.0,S_12_Random,S_12,Random
1.14,0.017710641106212555,0.01880872284437037,0.5,0.06844911296822832,0.0,S_12_Random,S_12,Random
1.2800000000000002,0.02251056159676244,0.020218347069325,0.5,0.07207517889930921,0.0,S_12_Random,S_12,Random
1.4200000000000004,0.0253802042406505,0.024748116767508547,0.5,0.07600923119068488,0.0,S_12_Random,S_12,Random
1.5600000000000005,0.035388684612269135,0.031118707033431926,0.5,0.0913024319674087,0.0,S_12_Random,S_12,Random
1.7000000000000006,0.052547917139728784,0.0486923886056406,0.5,0.1251627816954547,0.0,S_12_Random,S_12,Random
1.8400000000000007,0.11162458158794716,0.10942772302716314,0.5,0.2403741494054525,0.0,S_12_Random,S_12,Random
1.9800000000000009,0.15957869579858724,0.15460638588692496,0.5,0.33144935668980896,0.0,S_12_Random,S_12,Random
2.120000000000001,0.19039147296034128,0.18482657343785136,0.5,0.3914200504262519,0.0,S_12_Random,S_12,Random
2.2600000000000007,0.20065736401131135,0.19331390847153945,0.5,0.41005868596490425,0.0,S_12_Random,S_12,Random
2.400000000000001,0.2461018238551597,0.2374368508277454,0.5,0.4966893395877744,0.0,S_12_Random,S_12,Random
2.5400000000000014,0.2834617824154231,0.2752232859470291,0.5,0.5693074703133016,0.0,S_12_Random,S_12,Random
2.680000000000001,0.2776591537301715,0.26939827363350866,0.5,0.557367315953862,0.0,S_12_Random,S_12,Random
2.8200000000000016,0.30472261426032266,0.2960840498234521,0.5,0.6100111656371638,0.0,S_12_Random,S_12,Random
2.9600000000000017,0.3213457973469806,0.3064069596204441,0.5,0.6358019642485837,0.0,S_12_Random,S_12,Random
3.100000000000002,0.31049843400438465,0.294729596108945,0.5,0.6129002964818613,0.0,S_12_Random,S_12,Random
1.0,0.012989923649852088,0.01478939917730475,0.5,0.0612409279768867,0.0,S_12_Random,S_12,Random
1.14,0.017710641106212555,0.01880872284437037,0.5,0.06844911296822832,0.0,S_12_Random,S_12,Random
1.2800000000000002,0.02251056159676244,0.020218347069325,0.5,0.07207517889930921,0.0,S_12_Random,S_12,Random
1.4200000000000004,0.0253802042406505,0.024748116767508547,0.5,0.07600923119068488,0.0,S_12_Random,S_12,Random
1.5600000000000005,0.035388684612269135,0.031118707033431926,0.5,0.0913024319674087,0.0,S_12_Random,S_12,Random
1.7000000000000006,0.052547917139728784,0.0486923886056406,0.5,0.1251627816954547,0.0,S_12_Random,S_12,Random
1.8400000000000007,0.11162458158794716,0.10942772302716314,0.5,0.2403741494054525,0.0,S_12_Random,S_12,Random
1.9800000000000009,0.15957869579858724,0.15460638588692496,0.5,0.33144935668980896,0.0,S_12_Random,S_12,Random
2.120000000000001,0.19039147296034128,0.18482657343785136,0.5,0.3914200504262519,0.0,S_12_Random,S_12,Random
2.2600000000000007,0.20065736401131135,0.19331390847153945,0.5,0.41005868596490425,0.0,S_12_Random,S_12,Random
2.400000000000001,0.2461018238551597,0.2374368508277454,0.5,0.4966893395877744,0.0,S_12_Random,S_12,Random
2.5400000000000014,0.2834617824154231,0.2752232859470291,0.5,0.5693074703133016,0.0,S_12_Random,S_12,Random
2.680000000000001,0.2776591537301715,0.26939827363350866,0.5,0.557367315953862,0.0,S_12_Random,S_12,Random
2.8200000000000016,0.30472261426032266,0.2960840498234521,0.5,0.6100111656371638,0.0,S_12_Random,S_12,Random
2.9600000000000017,0.3213457973469806,0.3064069596204441,0.5,0.6358019642485837,0.0,S_12_Random,S_12,Random
3.100000000000002,0.31049843400438465,0.294729596108945,0.5,0.6129002964818613,0.0,S_12_Random,S_12,Random
1.0,0.012989923649852088,0.01478939917730475,0.5,0.0612409279768867,0.0,S_12_Random,S_12,Random
1.14,0.017710641106212555,0.01880872284437037,0.5,0.06844911296822832,0.0,S_12_Random,S_12,Random
1.2800000000000002,0.02251056159676244,0.020218347069325,0.5,0.07207517889930921,0.0,S_12_Random,S_12,Random
1.4200000000000004,0.0253802042406505,0.024748116767508547,0.5,0.07600923119068488,0.0,S_12_Random,S_12,Random
1.5600000000000005,0.035388684612269135,0.031118707033431926,0.5,0.0913024319674087,0.0,S_12_Random,S_12,Random
1.7000000000000006,0.052547917139728784,0.0486923886056406,0.5,0.1251627816954547,0.0,S_12_Random,S_12,Random
1.8400000000000007,0.11162458158794716,0.10942772302716314,0.5,0.2403741494054525,0.0,S_12_Random,S_12,Random
1.9800000000000009,0.15957869579858724,0.15460638588692496,0.5,0.33144935668980896,0.0,S_12_Random,S_12,Random
2.120000000000001,0.19039147296034128,0.18482657343785136,0.5,0.3914200504262519,0.0,S_12_Random,S_12,Random
2.2600000000000007,0.20065736401131135,0.19331390847153945,0.5,0.41005868596490425,0.0,S_12_Random,S_12,Random
2.400000000000001,0.2461018238551597,0.2374368508277454,0.5,0.4966893395877744,0.0,S_12_Random,S_12,Random
2.5400000000000014,0.2834617824154231,0.2752232859470291,0.5,0.5693074703133016,0.0,S_12_Random,S_12,Random
2.680000000000001,0.2776591537301715,0.26939827363350866,0.5,0.557367315953862,0.0,S_12_Random,S_12,Random
2.8200000000000016,0.30472261426032266,0.2960840498234521,0.5,0.6100111656371638,0.0,S_12_Random,S_12,Random
2.9600000000000017,0.3213457973469806,0.3064069596204441,0.5,0.6358019642485837,0.0,S_12_Random,S_12,Random
3.100000000000002,0.31049843400438465,0.294729596108945,0.5,0.6129002964818613,0.0,S_12_Random,S_12,Random
1.0,0.012989923649852088,0.01478939917730475,0.5,0.0612409279768867,0.0,S_12_Random,S_12,Random
1.14,0.017710641106212555,0.01880872284437037,0.5,0.06844911296822832,0.0,S_12_Random,S_12,Random
1.2800000000000002,0.02251056159676244,0.020218347069325,0.5,0.07207517889930921,0.0,S_12_Random,S_12,Random
1.4200000000000004,0.0253802042406505,0.024748116767508547,0.5,0.07600923119068488,0.0,S_12_Random,S_12,Random
1.5600000000000005,0.035388684612269135,0.031118707033431926,0.5,0.0913024319674087,0.0,S_12_Random,S_12,Random
1.7000000000000006,0.052547917139728784,0.0486923886056406,0.5,0.1251627816954547,0.0,S_12_Random,S_12,Random
1.8400000000000007,0.11162458158794716,0.10942772302716314,0.5,0.2403741494054525,0.0,S_12_Random,S_12,Random
1.9800000000000009,0.15957869579858724,0.15460638588692496,0.5,0.33144935668980896,0.0,S_12_Random,S_12,Random
2.120000000000001,0.19039147296034128,0.18482657343785136,0.5,0.3914200504262519,0.0,S_12_Random,S_12,Random
2.2600000000000007,0.20065736401131135,0.19331390847153945,0.5,0.41005868596490425,0.0,S_12_Random,S_12,Random
2.400000000000001,0.2461018238551597,0.2374368508277454,0.5,0.4966893395877744,0.0,S_12_Random,S_12,Random
2.5400000000000014,0.2834617824154231,0.2752232859470291,0.5,0.5693074703133016,0.0,S_12_Random,S_12,Random
2.680000000000001,0.2776591537301715,0.26939827363350866,0.5,0.557367315953862,0.0,S_12_Random,S_12,Random
2.8200000000000016,0.30472261426032266,0.2960840498234521,0.5,0.6100111656371638,0.0,S_12_Random,S_12,Random
2.9600000000000017,0.3213457973469806,0.3064069596204441,0.5,0.6358019642485837,0.0,S_12_Random,S_12,Random
3.100000000000002,0.31049843400438465,0.294729596108945,0.5,0.6129002964818613,0.0,S_12_Random,S_12,Random
1.0,0.012989923649852088,0.01478939917730475,0.5,0.0612409279768867,0.0,S_12_Random,S_12,Random
1.14,0.017710641106212555,0.01880872284437037,0.5,0.06844911296822832,0.0,S_12_Random,S_12,Random
1.2800000000000002,0.02251056159676244,0.020218347069325,0.5,0.07207517889930921,0.0,S_12_Random,S_12,Random
1.4200000000000004,0.0253802042406505,0.024748116767508547,0.5,0.07600923119068488,0.0,S_12_Random,S_12,Random
1.5600000000000005,0.035388684612269135,0.031118707033431926,0.5,0.0913024319674087,0.0,S_12_Random,S_12,Random
1.7000000000000006,0.052547917139728784,0.0486923886056406,0.5,0.1251627816954547,0.0,S_12_Random,S_12,Random
1.8400000000000007,0.11162458158794716,0.10942772302716314,0.5,0.2403741494054525,0.0,S_12_Random,S_12,Random
1.9800000000000009,0.15957869579858724,0.15460638588692496,0.5,0.33144935668980896,0.0,S_12_Random,S_12,Random
2.120000000000001,0.19039147296034128,0.18482657343785136,0.5,0.3914200504262519,0.0,S_12_Random,S_12,Random
2.2600000000000007,0.20065736401131135,0.19331390847153945,0.5,0.41005868596490425,0.0,S_12_Random,S_12,Random
2.400000000000001,0.2461018238551597,0.2374368508277454,0.5,0.4966893395877744,0.0,S_12_Random,S_12,Random
2.5400000000000014,0.2834617824154231,0.2752232859470291,0.5,0.5693074703133016,0.0,S_12_Random,S_12,Random
2.680000000000001,0.2776591537301715,0.26939827363350866,0.5,0.557367315953862,0.0,S_12_Random,S_12,Random
2.8200000000000016,0.30472261426032266,0.2960840498234521,0.5,0.6100111656371638,0.0,S_12_Random,S_12,Random
2.9600000000000017,0.3213457973469806,0.3064069596204441,0.5,0.6358019642485837,0.0,S_12_Random,S_12,Random
3.100000000000002,0.31049843400438465,0.294729596108945,0.5,0.6129002964818613,0.0,S_12_Random,S_12,Random
1.0,0.01302150434761474,0.02581125352019117,0.4760032438732126,0.06706749286033026,0.0,S_12_Unilateral_Dictator,S_12,Unilateral_Dictator
1.14,0.0236414991161022,0.02605481965566004,0.5048560547041943,0.083370781632922,0.0,S_12_Unilateral_Dictator,S_12,Unilateral_Dictator
1.2800000000000002,0.03360048182412303,0.025532693224153736,0.4743751302258215,0.09645204198760912,0.0,S_12_Unilateral_Dictator,S_12,Unilateral_Dictator
1.4200000000000004,0.05076170204379053,0.026909173892217177,0.522940864255243,0.1173196724482556,0.0,S_12_Unilateral_Dictator,S_12,Unilateral_Dictator
1.5600000000000005,0.08658075447771015,0.02389016894726552,0.5540219639246865,0.14808654053931478,0.0,S_12_Unilateral_Dictator,S_12,Unilateral_Dictator
1.7000000000000006,0.2650978180632545,0.019134892664066903,0.64228158571414,0.3166916838453817,0.0,S_12_Unilateral_Dictator,S_12,Unilateral_Dictator
1.8400000000000007,0.6948854060339303,0.009585050042007449,0.8491793949589194,0.7187817988337987,0.0,S_12_Unilateral_Dictator,S_12,Unilateral_Dictator
1.9800000000000009,0.8414533667855033,0.007260050302413181,0.9258676691114394,0.8572810691313303,0.0,S_12_Unilateral_Dictator,S_12,Unilateral_Dictator
2.120000000000001,0.8633303725844359,0.0052894675105775064,0.9373072415016602,0.875539852185944,0.0,S_12_Unilateral_Dictator,S_12,Unilateral_Dictator
2.2600000000000007,0.8723709490837768,0.005406686296967973,0.9487521948715364,0.8854421183974155,0.0,S_12_Unilateral_Dictator,S_12,Unilateral_Dictator
2.400000000000001,0.9418378155151054,0.0036627660741718744,0.9753743205721344,0.9501041581517308,0.0,S_12_Unilateral_Dictator,S_12,Unilateral_Dictator
2.5400000000000014,0.9733862404970696,0.0027813593967697986,0.9868502562261972,0.9782118335446895,0.0,S_12_Unilateral_Dictator,S_12,Unilateral_Dictator
2.680000000000001,0.9737202247735972,0.0026264043693828678,0.9853637206588848,0.9786033954838456,0.0,S_12_Unilateral_Dictator,S_12,Unilateral_Dictator
2.8200000000000016,0.9787838162155826,0.002420124634011084,0.9920532701520725,0.983437593927386,0.0,S_12_Unilateral_Dictator,S_12,Unilateral_Dictator
2.9600000000000017,0.983808358478957,0.0017195492512386945,0.9927717448138282,0.9872628466884904,0.0,S_12_Unilateral_Dictator,S_12,Unilateral_Dictator
3.100000000000002,0.9848092653926656,0.0020785564882102666,0.9932397537189762,0.9886305500388176,0.0,S_12_Unilateral_Dictator,S_12,Unilateral_Dictator
1.0,0.01302150434761474,0.02581125352019117,0.4760032438732126,0.06706749286033026,0.0,S_12_Unilateral_Dictator,S_12,Unilateral_Dictator
1.14,0.0236414991161022,0.02605481965566004,0.5048560547041943,0.083370781632922,0.0,S_12_Unilateral_Dictator,S_12,Unilateral_Dictator
1.2800000000000002,0.03360048182412303,0.025532693224153736,0.4743751302258215,0.09645204198760912,0.0,S_12_Unilateral_Dictator,S_12,Unilateral_Dictator
1.4200000000000004,0.05076170204379053,0.026909173892217177,0.522940864255243,0.1173196724482556,0.0,S_12_Unilateral_Dictator,S_12,Unilateral_Dictator
1.5600000000000005,0.08658075447771015,0.02389016894726552,0.5540219639246865,0.14808654053931478,0.0,S_12_Unilateral_Dictator,S_12,Unilateral_Dictator
1.7000000000000006,0.2650978180632545,0.019134892664066903,0.64228158571414,0.3166916838453817,0.0,S_12_Unilateral_Dictator,S_12,Unilateral_Dictator
1.8400000000000007,0.6948854060339303,0.009585050042007449,0.8491793949589194,0.7187817988337987,0.0,S_12_Unilateral_Dictator,S_12,Unilateral_Dictator
1.9800000000000009,0.8414533667855033,0.007260050302413181,0.9258676691114394,0.8572810691313303,0.0,S_12_Unilateral_Dictator,S_12,Unilateral_Dictator
2.120000000000001,0.8633303725844359,0.0052894675105775064,0.9373072415016602,0.875539852185944,0.0,S_12_Unilateral_Dictator,S_12,Unilateral_Dictator
2.2600000000000007,0.8723709490837768,0.005406686296967973,0.9487521948715364,0.8854421183974155,0.0,S_12_Unilateral_Dictator,S_12,Unilateral_Dictator
2.400000000000001,0.9418378155151054,0.0036627660741718744,0.9753743205721344,0.9501041581517308,0.0,S_12_Unilateral_Dictator,S_12,Unilateral_Dictator
2.5400000000000014,0.9733862404970696,0.0027813593967697986,0.9868502562261972,0.9782118335446895,0.0,S_12_Unilateral_Dictator,S_12,Unilateral_Dictator
2.680000000000001,0.9737202247735972,0.0026264043693828678,0.9853637206588848,0.9786033954838456,0.0,S_12_Unilateral_Dictator,S_12,Unilateral_Dictator
2.8200000000000016,0.9787838162155826,0.002420124634011084,0.9920532701520725,0.983437593927386,0.0,S_12_Unilateral_Dictator,S_12,Unilateral_Dictator
2.9600000000000017,0.983808358478957,0.0017195492512386945,0.9927717448138282,0.9872628466884904,0.0,S_12_Unilateral_Dictator,S_12,Unilateral_Dictator
3.100000000000002,0.9848092653926656,0.0020785564882102666,0.9932397537189762,0.9886305500388176,0.0,S_12_Unilateral_Dictator,S_12,Unilateral_Dictator
1.0,0.01302150434761474,0.02581125352019117,0.4760032438732126,0.06706749286033026,0.0,S_12_Unilateral_Dictator,S_12,Unilateral_Dictator
1.14,0.0236414991161022,0.02605481965566004,0.5048560547041943,0.083370781632922,0.0,S_12_Unilateral_Dictator,S_12,Unilateral_Dictator
1.2800000000000002,0.03360048182412303,0.025532693224153736,0.4743751302258215,0.09645204198760912,0.0,S_12_Unilateral_Dictator,S_12,Unilateral_Dictator
1.4200000000000004,0.05076170204379053,0.026909173892217177,0.522940864255243,0.1173196724482556,0.0,S_12_Unilateral_Dictator,S_12,Unilateral_Dictator
1.5600000000000005,0.08658075447771015,0.02389016894726552,0.5540219639246865,0.14808654053931478,0.0,S_12_Unilateral_Dictator,S_12,Unilateral_Dictator
1.7000000000000006,0.2650978180632545,0.019134892664066903,0.64228158571414,0.3166916838453817,0.0,S_12_Unilateral_Dictator,S_12,Unilateral_Dictator
1.8400000000000007,0.6948854060339303,0.009585050042007449,0.8491793949589194,0.7187817988337987,0.0,S_12_Unilateral_Dictator,S_12,Unilateral_Dictator
1.9800000000000009,0.8414533667855033,0.007260050302413181,0.9258676691114394,0.8572810691313303,0.0,S_12_Unilateral_Dictator,S_12,Unilateral_Dictator
2.120000000000001,0.8633303725844359,0.0052894675105775064,0.9373072415016602,0.875539852185944,0.0,S_12_Unilateral_Dictator,S_12,Unilateral_Dictator
2.2600000000000007,0.8723709490837768,0.005406686296967973,0.9487521948715364,0.8854421183974155,0.0,S_12_Unilateral_Dictator,S_12,Unilateral_Dictator
2.400000000000001,0.9418378155151054,0.0036627660741718744,0.9753743205721344,0.9501041581517308,0.0,S_12_Unilateral_Dictator,S_12,Unilateral_Dictator
2.5400000000000014,0.9733862404970696,0.0027813593967697986,0.9868502562261972,0.9782118335446895,0.0,S_12_Unilateral_Dictator,S_12,Unilateral_Dictator
2.680000000000001,0.9737202247735972,0.0026264043693828678,0.9853637206588848,0.9786033954838456,0.0,S_12_Unilateral_Dictator,S_12,Unilateral_Dictator
2.8200000000000016,0.9787838162155826,0.002420124634011084,0.9920532701520725,0.983437593927386,0.0,S_12_Unilateral_Dictator,S_12,Unilateral_Dictator
2.9600000000000017,0.983808358478957,0.0017195492512386945,0.9927717448138282,0.9872628466884904,0.0,S_12_Unilateral_Dictator,S_12,Unilateral_Dictator
3.100000000000002,0.9848092653926656,0.0020785564882102666,0.9932397537189762,0.9886305500388176,0.0,S_12_Unilateral_Dictator,S_12,Unilateral_Dictator
1.0,0.01302150434761474,0.02581125352019117,0.4760032438732126,0.06706749286033026,0.0,S_12_Unilateral_Dictator,S_12,Unilateral_Dictator
1.14,0.0236414991161022,0.02605481965566004,0.5048560547041943,0.083370781632922,0.0,S_12_Unilateral_Dictator,S_12,Unilateral_Dictator
1.2800000000000002,0.03360048182412303,0.025532693224153736,0.4743751302258215,0.09645204198760912,0.0,S_12_Unilateral_Dictator,S_12,Unilateral_Dictator
1.4200000000000004,0.05076170204379053,0.026909173892217177,0.522940864255243,0.1173196724482556,0.0,S_12_Unilateral_Dictator,S_12,Unilateral_Dictator
1.5600000000000005,0.08658075447771015,0.02389016894726552,0.5540219639246865,0.14808654053931478,0.0,S_12_Unilateral_Dictator,S_12,Unilateral_Dictator
1.7000000000000006,0.2650978180632545,0.019134892664066903,0.64228158571414,0.3166916838453817,0.0,S_12_Unilateral_Dictator,S_12,Unilateral_Dictator
1.8400000000000007,0.6948854060339303,0.009585050042007449,0.8491793949589194,0.7187817988337987,0.0,S_12_Unilateral_Dictator,S_12,Unilateral_Dictator
1.9800000000000009,0.8414533667855033,0.007260050302413181,0.9258676691114394,0.8572810691313303,0.0,S_12_Unilateral_Dictator,S_12,Unilateral_Dictator
2.120000000000001,0.8633303725844359,0.0052894675105775064,0.9373072415016602,0.875539852185944,0.0,S_12_Unilateral_Dictator,S_12,Unilateral_Dictator
2.2600000000000007,0.8723709490837768,0.005406686296967973,0.9487521948715364,0.8854421183974155,0.0,S_12_Unilateral_Dictator,S_12,Unilateral_Dictator
2.400000000000001,0.9418378155151054,0.0036627660741718744,0.9753743205721344,0.9501041581517308,0.0,S_12_Unilateral_Dictator,S_12,Unilateral_Dictator
2.5400000000000014,0.9733862404970696,0.0027813593967697986,0.9868502562261972,0.9782118335446895,0.0,S_12_Unilateral_Dictator,S_12,Unilateral_Dictator
2.680000000000001,0.9737202247735972,0.0026264043693828678,0.9853637206588848,0.9786033954838456,0.0,S_12_Unilateral_Dictator,S_12,Unilateral_Dictator
2.8200000000000016,0.9787838162155826,0.002420124634011084,0.9920532701520725,0.983437593927386,0.0,S_12_Unilateral_Dictator,S_12,Unilateral_Dictator
2.9600000000000017,0.983808358478957,0.0017195492512386945,0.9927717448138282,0.9872628466884904,0.0,S_12_Unilateral_Dictator,S_12,Unilateral_Dictator
3.100000000000002,0.9848092653926656,0.0020785564882102666,0.9932397537189762,0.9886305500388176,0.0,S_12_Unilateral_Dictator,S_12,Unilateral_Dictator
1.0,0.01302150434761474,0.02581125352019117,0.4760032438732126,0.06706749286033026,0.0,S_12_Unilateral_Dictator,S_12,Unilateral_Dictator
1.14,0.0236414991161022,0.02605481965566004,0.5048560547041943,0.083370781632922,0.0,S_12_Unilateral_Dictator,S_12,Unilateral_Dictator
1.2800000000000002,0.03360048182412303,0.025532693224153736,0.4743751302258215,0.09645204198760912,0.0,S_12_Unilateral_Dictator,S_12,Unilateral_Dictator
1.4200000000000004,0.05076170204379053,0.026909173892217177,0.522940864255243,0.1173196724482556,0.0,S_12_Unilateral_Dictator,S_12,Unilateral_Dictator
1.5600000000000005,0.08658075447771015,0.02389016894726552,0.5540219639246865,0.14808654053931478,0.0,S_12_Unilateral_Dictator,S_12,Unilateral_Dictator
1.7000000000000006,0.2650978180632545,0.019134892664066903,0.64228158571414,0.3166916838453817,0.0,S_12_Unilateral_Dictator,S_12,Unilateral_Dictator
1.8400000000000007,0.6948854060339303,0.009585050042007449,0.8491793949589194,0.7187817988337987,0.0,S_12_Unilateral_Dictator,S_12,Unilateral_Dictator
1.9800000000000009,0.8414533667855033,0.007260050302413181,0.9258676691114394,0.8572810691313303,0.0,S_12_Unilateral_Dictator,S_12,Unilateral_Dictator
2.120000000000001,0.8633303725844359,0.0052894675105775064,0.9373072415016602,0.875539852185944,0.0,S_12_Unilateral_Dictator,S_12,Unilateral_Dictator
2.2600000000000007,0.8723709490837768,0.005406686296967973,0.9487521948715364,0.8854421183974155,0.0,S_12_Unilateral_Dictator,S_12,Unilateral_Dictator
2.400000000000001,0.9418378155151054,0.0036627660741718744,0.9753743205721344,0.9501041581517308,0.0,S_12_Unilateral_Dictator,S_12,Unilateral_Dictator
2.5400000000000014,0.9733862404970696,0.0027813593967697986,0.9868502562261972,0.9782118335446895,0.0,S_12_Unilateral_Dictator,S_12,Unilateral_Dictator
2.680000000000001,0.9737202247735972,0.0026264043693828678,0.9853637206588848,0.9786033954838456,0.0,S_12_Unilateral_Dictator,S_12,Unilateral_Dictator
2.8200000000000016,0.9787838162155826,0.002420124634011084,0.9920532701520725,0.983437593927386,0.0,S_12_Unilateral_Dictator,S_12,Unilateral_Dictator
2.9600000000000017,0.983808358478957,0.0017195492512386945,0.9927717448138282,0.9872628466884904,0.0,S_12_Unilateral_Dictator,S_12,Unilateral_Dictator
3.100000000000002,0.9848092653926656,0.0020785564882102666,0.9932397537189762,0.9886305500388176,0.0,S_12_Unilateral_Dictator,S_12,Unilateral_Dictator
